id,subject,stem,A,B,C,D,E,correct,explanation
BA001,Biliary Atresia,"A full-term infant develops progressive jaundice. Regarding the epidemiology of biliary atresia (BA), which is most accurate?",It affects ~1 in 500 live births in the U.S.,It is more common in males and Caucasians.,It is the most common indication for pediatric liver transplantation.,Incidence is uniform worldwide with little variation.,Most cases are associated with other major anomalies.,C,"**Correct answer: C — BA is the most common indication for pediatric liver transplantation.**

**Teach-me summary.** Biliary atresia is uncommon, but it is *the* leading cause of pediatric liver transplantation worldwide.
Population estimates vary: in the United States ~0.7 per 10,000 live births, while several Asian-Pacific regions report higher rates.
This geographic variation is a consistent epidemiologic observation and argues against a single, uniform cause.

**Demographics and phenotype.** There is a slight female predominance and relatively higher prevalence in non‑Caucasian populations.
Most infants are term and initially well. Roughly 85–90% are “perinatal/nonsyndromic” BA without other major anomalies; the remainder
have syndromic forms (e.g., BASM) with laterality defects (polysplenia, malrotation, situs anomalies) or other congenital findings.

**Board takeaways.** (1) BA drives the pediatric liver transplant volume. (2) Incidence varies by region. (3) Most cases are *not* associated
with major anomalies (nonsyndromic)."
BA002,Biliary Atresia,Which statement best distinguishes perinatal (nonsyndromic) from syndromic biliary atresia?,Perinatal BA usually presents preterm with low birth weight.,Perinatal BA represents ~85% of cases and lacks laterality defects.,Syndromic BA is typically unrelated to congenital heart disease.,Syndromic BA rarely includes malrotation or polysplenia.,Perinatal BA is due to failure of biliary recanalization in utero.,B,"**Correct answer: B — Perinatal BA represents ~85% of cases and lacks laterality defects.**

**Clinical categories.** Two practical buckets matter for surgeons: (1) **Perinatal (nonsyndromic)** BA (~85–90%): term, otherwise normal infants,
no classic laterality defects; (2) **Syndromic BA**, most commonly BA with splenic malformation (BASM), which clusters with laterality defects
(situs anomalies, polysplenia/asplenia, preduodenal portal vein, malrotation) and cardiac disease.

**Why it matters.** Syndromic BA influences **pre‑op workup** (echo for CHD, UGI for malrotation if symptomatic, vascular mapping),
**intra‑op planning** (variant mesenteric/portal anatomy; adjust Roux routing for non-rotation), and **long‑term prognosis** (often more
complex course). Perinatal BA does *not* imply failure of embryonic recanalization; current data favor a perinatal immune‑injury model.

**Board tip.** If malrotation/polysplenia appear, think BASM and adapt your Kasai approach to anatomic variants, but don’t default to transplant purely because of anomalies."
BA003,Biliary Atresia,"During normal development, the extrahepatic biliary tree arises from which embryologic structure?",Dorsal pancreatic bud,Ventromedial endodermal ridge,Hepatic diverticulum (cranial bud) from the distal foregut,Vitelline duct remnant,Neural crest migration to the septum transversum,C,"**Correct answer: C — Hepatic diverticulum (cranial bud) from the distal foregut.**

**Development refresher.** Around weeks 3–5, the **hepatic diverticulum** sprouts from the ventral foregut endoderm.
Its cranial portion gives rise to the liver and extrahepatic bile ducts; the caudal portion contributes to the gallbladder
and cystic duct. Rotation of the duodenum and fusion of pancreatic buds complete the hepatopancreatic junction/ampulla.

**Why boards care.** Understanding the **porta hepatis/portal plate** geometry during Kasai relies on embryology. The ductal
plate remodels to form intrahepatic ducts; arrested or aberrant remodeling can underlie intrahepatic ductopenic disorders, but
perinatal BA is better modeled as a post‑formation inflammatory obliterative cholangiopathy of *extrahepatic* ducts."
BA004,Biliary Atresia,Which best reflects current understanding of nonsyndromic (perinatal) biliary atresia pathophysiology?,Primary failure of biliary recanalization before 10 weeks' gestation,Multifactorial post-natal bile duct epithelial injury with progressive fibro-obliteration,"Purely genetic, autosomal recessive disease with high recurrence risk",Autoimmune process limited to intrahepatic ducts only,Toxic insult confined to the gallbladder and cystic duct,B,"**Correct answer: B — Multifactorial post-natal epithelial injury with progressive fibro‑obliteration.**

**Mechanistic model.** In perinatal BA, ducts *form*, but an **inflammatory injury** (viral hits like CMV/rotavirus in models, immune
dysregulation, environmental toxins) targets the extrahepatic biliary epithelium leading to **progressive fibro‑obliteration** that can
extend proximally and secondarily affect intrahepatic ducts. Maternal microchimerism and innate/adaptive immune activation (e.g., Th1/Th17)
are frequently implicated.

**Genetics and risk.** There is no simple Mendelian pattern; recurrence risk is low. Susceptibility loci and ciliary/planar cell polarity
genes appear in some cohorts, and a distinct **CMV‑associated BA** phenotype may have worse outcomes—important for prognostication.

**Clinical punchline.** The postnatal, progressive nature explains why **earlier drainage** (Kasai) improves the chance of clearing jaundice."
BA005,Biliary Atresia,What is the typical natural history of untreated biliary atresia?,Intermittent jaundice resolving by 6 months,"Progression to portal fibrosis, cirrhosis, portal hypertension, and death within 2 years",Stable cholestasis with normal growth and development,Recurrent pancreatitis due to long common channel,Self-limited cholestasis with normalization by 12 months,B,"**Correct answer: B — Rapid progression to cirrhosis, portal hypertension, and death within ~2 years.**

**Trajectory without drainage.** BA causes persistent obstructive cholestasis → inflammation and **periportal fibrosis** →
bridging fibrosis/cirrhosis → **portal hypertension** (hypersplenism, varices, ascites) → synthetic failure and death in early childhood.

**Clinical implication.** This natural history underpins the urgency of **early diagnosis and Kasai**. Even after a successful Kasai,
many children accrue biliary and portal complications over time and ultimately require transplantation—BA remains the leading pediatric
indication for liver transplant."
BA006,Biliary Atresia,"At exploration, a cholangiogram shows opacification of gallbladder and duodenum, but no reflux into intrahepatic ducts.
Which anatomic type most likely applies?",Type I (distal) atresia at common bile duct,Type II (proximal) atresia at common hepatic duct,Type III atresia up to/including porta hepatis,Cystic BA with patent intrahepatic ducts,Alagille-associated ductopenia,C,"**Correct answer: C — Type III BA (atresia up to/including the porta hepatis).**

**Classification you must know.** The Japanese Association of Pediatric Surgeons (Ohi) classification:
- **Type I**: atresia of the common bile duct (CBD) with patent proximal system.
- **Type II**: atresia of the common hepatic duct.
- **Type III**: **atresia at the porta hepatis** with no communication to intrahepatic ducts (≈85–90% of cases).

**Operative consequence.** Type III requires **hepatoportoenterostomy (Kasai)**—a mucosa-to-portal‑plate anastomosis to drain microscopic
ductules. Cholecystoenterostomy is ineffective because the cystic/common ducts do not communicate with the intrahepatic tree."
BA007,Biliary Atresia,Which clinical feature is most characteristic of biliary atresia in early infancy?,Intermittent unconjugated hyperbilirubinemia with normal urine color,Jaundice >2 weeks with pale/acholic stools and dark urine,Projectile non-bilious emesis with normal stool color,Pruritus without jaundice,Alkaline stools due to pancreatic insufficiency,B,"**Correct answer: B — Persistent jaundice >2 weeks with acholic stools and dark urine.**

**Key bedside clues.** BA presents with **conjugated hyperbilirubinemia**. Parents report **pale/acholic stools** (not always every diaper early)
and **tea‑colored urine**. The baby is often vigorous initially; progressive hepatomegaly and later splenomegaly suggest advancing disease.

**Pitfalls.** Early stools may vary; do not be reassured by occasional pigmented stools. Physiologic jaundice is unconjugated and resolves;
BA is **conjugated** and persists. Always check a **direct (conjugated) bilirubin** in any infant jaundiced beyond 2 weeks."
BA008,Biliary Atresia,Which screening approach has high sensitivity for early detection of BA and may be abnormal even at 1 hour of life?,Total bilirubin on newborn screen,Conjugated (direct) bilirubin level,Phenobarbital-primed HIDA in first 24 hours,Gamma-glutamyltransferase (GGT) alone,Stool elastase,B,"**Correct answer: B — Conjugated (direct) bilirubin.**

**Why direct bili matters.** In BA, **conjugated bilirubin is typically elevated from birth**, sometimes detectable **within hours**.
Total bilirubin can be normal early and will miss BA. Several health systems now incorporate early direct bilirubin screening,
which improves time‑to‑diagnosis when paired with follow‑up pathways.

**Complementary tools.** **Stool‑color cards** are inexpensive and raise suspicion when acholic, but are subjective and not uniformly sensitive.
GGT rises later and is not a screening test. HIDA is not a screening tool and requires days of priming."
BA009,Biliary Atresia,"In cholestatic infants, which lab pattern most strongly supports BA over intrahepatic neonatal hepatitis?",Low GGT with marked transaminitis,Normal GGT with mild coagulopathy,Disproportionately elevated GGT with conjugated hyperbilirubinemia,Elevated lipase with normal bilirubin,Isolated unconjugated hyperbilirubinemia,C,"**Correct answer: C — High GGT out of proportion with conjugated hyperbilirubinemia.**

**Lab patterns.** BA typically shows **direct hyperbilirubinemia**, elevated AST/ALT, and particularly **high GGT**.
A **low/normal GGT** in a cholestatic infant should raise suspicion for alternative diagnoses (e.g., **PFIC** types 1/2),
not classic BA. Coagulopathy often reflects **vitamin K malabsorption**; correct it with parenteral vitamin K.

**Clinical use.** Labs support the diagnosis and urgency but are **not definitive**—they must be integrated with imaging
and cholangiography."
BA010,Biliary Atresia,"On ultrasound in a jaundiced infant, which finding is most suggestive of BA?",Dilated intrahepatic ducts with large CBD,Normal gallbladder and common bile duct,Triangular cord sign at the porta hepatis,Pancreatic head mass compressing CBD,Duplex left portal vein,C,"**Correct answer: C — Triangular cord sign.**

**Ultrasound hallmarks.** The **triangular cord sign** (echogenic density anterior to the right portal vein at the porta) and a
**small/absent or irregular gallbladder** favor BA. However, a present gallbladder does **not** exclude BA. Dilated intrahepatic ducts
are **not** typical of BA (they suggest choledochal obstruction).

**Role of US.** It’s the **first-line imaging**: noninvasive, quick, and can suggest BA while excluding other causes (choledochal cyst,
choledocholithiasis—rare in infants). Findings guide but do not replace cholangiography."
BA011,Biliary Atresia,"Regarding hepatobiliary scintigraphy (HIDA) in suspected BA, which is most accurate?",It definitively diagnoses BA with high positive predictive value.,It often requires several days of phenobarbital priming and mainly helps exclude BA.,It is the first-line test and obviates cholangiography.,It is faster and cheaper than ultrasound.,It cannot be falsely positive in prematurity or TPN cholestasis.,B,"**Correct answer: B — HIDA mainly helps exclude BA after phenobarbital priming.**

**Strengths and limits.** HIDA is **sensitive** for bile *excretion* but has **limited specificity**. If tracer reaches bowel,
BA is unlikely; **no excretion** can be seen in **prematurity, TPN cholestasis, severe hepatitis**, and thus does **not** prove BA.
Most centers prime with **phenobarbital 3–5 days** to upregulate transporters before the study.

**Bottom line.** Use HIDA to support the **exclusion** of BA; do not delay operative cholangiography in a high‑suspicion infant
waiting for a non-diagnostic HIDA."
BA012,Biliary Atresia,Definitive diagnosis in BA is best established by:,Elevated conjugated bilirubin and GGT,Characteristic liver biopsy alone,Operative or percutaneous cholangiogram showing extrahepatic obstruction,MRCP with 3D reconstruction,ERCP with biliary sphincterotomy,C,"**Correct answer: C — Cholangiography demonstrating extrahepatic obstruction.**

**Diagnostic standard.** The **gold standard** is **cholangiography** (often intraoperative): failure to opacify the **intrahepatic ducts**
and failure of contrast to flow to the duodenum confirms **extrahepatic obstruction** compatible with BA (especially Type III).

**Adjuncts.** **Liver biopsy** supports the diagnosis (ductular proliferation, bile plugs, portal edema/fibrosis) but overlaps with
neonatal hepatitis, particularly early or with small samples. MRCP/ERCP can be used in select centers but are not routine first-line tests."
BA013,Biliary Atresia,Which is a recognized limitation of liver biopsy when evaluating for BA?,It is 100% specific when done after 6 weeks of life.,Findings may overlap with neonatal hepatitis and can be falsely negative early or with small samples.,It cannot be performed percutaneously.,It is contraindicated prior to cholangiography.,Portal tract edema rules out BA.,B,"**Correct answer: B — Overlap with neonatal hepatitis; sampling/age can yield false negatives.**

**Pathology pearls.** Classic BA shows **portal ductular proliferation**, bile plugs, portal edema and fibrosis, and cholestasis.
However, **overlap** with other cholestatic processes is common. Accuracy improves with **adequate portal tracts (≥6–8)** and expert review.
Very early biopsies may not yet manifest the full pattern.

**Clinical use.** Biopsy is an **adjunct**, not a replacement for cholangiography, and should **not delay** definitive evaluation."
BA014,Biliary Atresia,Optimal timing for Kasai hepatoportoenterostomy is generally:,Before 30 days only—otherwise futile,Between 70–90 days of life or earlier when feasible,After 6 months to allow ducts to mature,Any age has identical outcomes,Only after steroid trial,B,"**Correct answer: B — Aim for Kasai by ~70–90 days (earlier if possible).**

**Why timing matters.** The longer bile remains obstructed, the more **fibrosis** accrues and the fewer **drainable ductules** remain
at the portal plate. Multiple cohorts show improved **jaundice clearance** and **native-liver survival** when Kasai is performed earlier,
often by 6–8 weeks, and ideally **before 90 days**.

**Nuance.** Age is a surrogate; **histologic severity** also predicts outcomes. Some infants >90 days with compensated disease can still
benefit from Kasai, while decompensated infants may be better served by **primary transplant evaluation**."
BA015,Biliary Atresia,Which infant is *least* appropriate for primary Kasai and should be prioritized for liver transplantation evaluation?,"70-day-old with firm hepatomegaly, normal albumin, normal INR","95-day-old with no varices, good synthetic function","55-day-old with severe coagulopathy and hypoalbuminemia, tense ascites, and reversal of portal vein flow",80-day-old with mild splenomegaly but good nutrition,60-day-old with BASM but compensated,C,"**Correct answer: C — Decompensated liver disease and severe portal hypertension favor primary transplant evaluation.**

**Triage logic.** **Kasai** requires enough **reserve** to justify attempting drainage. Markers arguing against Kasai include
**refractory coagulopathy despite vitamin K**, low albumin, **tense ascites**, **hepatopulmonary syndrome**, **reversal of portal flow**,
and profound failure to thrive. These features predict poor Kasai success and early transplant need.

**Practical approach.** Engage the transplant team early in any infant with **decompensation**; Kasai in such settings can add morbidity
without changing the inevitable trajectory to transplant."
BA016,Biliary Atresia,"At exploration, the gallbladder contains clear mucoid fluid. A catheterized cholangiogram opacifies the GB and duodenum but not
the common hepatic duct or intrahepatic ducts. Next best step?",Abort and obtain MRCP later,Proceed with open Kasai portoenterostomy,Perform ERCP during the same anesthetic,Close and refer for transplant only,Create cholecystoenterostomy,B,"**Correct answer: B — Proceed to Kasai.**

**Operative reasoning.** Clear, mucoid GB fluid suggests a **non-communicating** gallbladder (no hepatic bile entering).
Cholangiography that opacifies GB/duodenum **without** intrahepatic filling confirms **extrahepatic obstruction**—most consistent with
**Type III BA**. In this scenario, **proceed directly** to **hepatoportoenterostomy** in the same anesthetic.

**What not to do.** **Cholecystoenterostomy** is ineffective in Type III because the cystic/common ducts don’t communicate with the intrahepatic tree.
ERCP/MRCP add little once operative cholangiography has answered the question."
BA017,Biliary Atresia,Key technical principle when creating the portoenterostomy is:,Aggressive cautery at the portal plate to control ooze,"Transection at the portal plate at the bifurcation of the portal vein, avoiding vascular injury",Leaving the fibrous cone intact to minimize bleeding,Using a 40–50 cm Roux limb in all neonates,Routine full liver mobilization in all cases to improve exposure,B,"**Correct answer: B — Sharp transection at the portal plate at the PV bifurcation, protecting vascular structures.**

**Surgical anatomy.** The **portal plate** lies at the **portal vein bifurcation**. The goal is to expose **microscopic biliary ductules**
for mucosa‑to‑fibrous plate apposition. Use **fine, sharp dissection**; avoid **cautery on the plate** to prevent thermal injury to ductules.
Control oozing with pressure/epinephrine‑soaked gauze and meticulous hemostasis.

**Roux limb.** A **~20–25 cm** retro/antecolic Roux limb is typical in neonates; longer is not clearly superior.
Exposure strategies vary—selective liver mobilization as needed; protect the **right hepatic artery** and small portal branches."
BA018,Biliary Atresia,"During Kasai in BASM, a preduodenal portal vein and malrotation are encountered. Best statement?",Abort Kasai due to vascular anomaly risk.,The portal plate remains located at the portal vein bifurcation; Roux limb course may be straight cranial rather than retrocolic.,Perform Ladd’s procedure always before Kasai.,Use an antecolic 50-cm limb to reduce cholangitis.,These anomalies mandate primary transplant.,B,"**Correct answer: B — The portal plate landmark is unchanged; adapt the Roux course to non-rotation.**

**Anatomic variants.** BASM can include **preduodenal portal vein**, non‑rotation, and polysplenia. These demand **careful exposure** but do
not preclude Kasai. The **portal plate** is still at the **PV bifurcation**—the target does not move.

**Operative strategy.** In non‑rotation, a **straight cranial Roux** path may be most direct; avoid kinking/mesenteric compromise.
**Ladd’s** is individualized (perform if symptomatic/at risk). Anomalies alone are **not** an indication for primary transplant."
BA019,Biliary Atresia,Standard postoperative medical regimen after Kasai most commonly includes:,"Ursodiol, TMP-SMX prophylaxis, fat-soluble vitamin supplementation; routine high-dose steroids improve long-term outcomes",Ursodiol only; antibiotics and vitamins are unnecessary,TMP-SMX only; ursodiol is contraindicated,Routine IV steroids for all; vitamins after 6 months,No medications are indicated if drains are minimal,A,"**Correct answer: A — Ursodiol + antibiotic prophylaxis + fat-soluble vitamins; routine high-dose steroids do not improve long-term outcomes.**

**Typical regimen.** Many centers use **ursodiol** (choleretic), **TMP‑SMX** (or amoxicillin‑clavulanate) for **cholangitis prophylaxis**,
and aggressive **fat‑soluble vitamin** (A, D, E, K) supplementation. Nutrition support (MCT‑rich formulas, caloric density) is crucial.

**What about steroids?** The START trial and others did **not** show durable benefit in **jaundice clearance** or **transplant‑free survival**
with routine high‑dose steroids; some centers reserve short courses for select non‑drainers, but this is not standard-of-care."
BA020,Biliary Atresia,The most frequent complication after Kasai is:,Anastomotic leak requiring reoperation,Cholangitis,Portal vein thrombosis,Short gut syndrome,Intraabdominal abscess,B,"**Correct answer: B — Cholangitis.**

**Epidemiology & risks.** **Cholangitis** is common in the months after Kasai and correlates with poorer native‑liver survival if recurrent.
Risk factors include poor drainage, Roux limb bacterial overgrowth, anastomotic narrowing, and ascending infection.

**Management & prevention.** Many programs prescribe **antibiotic prophylaxis** for 6–12 months; treat episodes promptly (IV broad‑spectrum,
then step‑down). Evaluate for **anastomotic stenosis** or **Roux issues** in recurrent cases. Maintain **vaccinations** and monitor nutrition/vitamins."
BA021,Biliary Atresia,Which peri-/postoperative factor most strongly predicts transplant-free survival?,Age at operation alone,"Early postoperative clearance of jaundice (e.g., normalization of bilirubin)",Roux limb length ≥40 cm,Use of perioperative steroids,Presence of acholic stools at diagnosis,B,"**Correct answer: B — Early clearance of jaundice is the key predictor.**

**Why this matters.** Multiple cohorts show that **bilirubin normalization** (or substantial decline) within the first months after Kasai
predicts **better native‑liver survival**. It is a practical, patient‑specific barometer that captures the net effect of anatomy, histology,
and operative quality more accurately than age alone.

**Counseling.** Families should understand that even with early clearance, **long‑term surveillance** for portal hypertension,
fat‑soluble vitamin deficiency, growth issues, and hepatolithiasis/cholangitis remains essential."
BA022,Biliary Atresia,What is the current stance on laparoscopic Kasai compared with open Kasai?,Equivalent outcomes in randomized trials,Inferior outcomes in randomized data; open approach remains standard in most centers,Superior due to less adhesions for future transplant,Preferred in infants <60 days only,Used to reduce cholangitis rates,B,"**Correct answer: B — Randomized data showed inferior outcomes with laparoscopic Kasai; open remains standard.**

**Evidence snapshot.** Although laparoscopic Kasai is feasible, a randomized trial demonstrated **worse drainage/outcomes** versus open,
likely due to challenges achieving **complete portal plate exposure** and potential physiologic effects of pneumoperitoneum in fragile infants.

**Practice point.** Until high‑quality data show clear non‑inferiority, the **open Kasai** is the reference standard for most centers."
BA023,Biliary Atresia,"Regarding stool-color cards for BA screening, which is true?",They are highly objective with perfect accuracy.,"They are inexpensive, can detect acholic stools, but interpretation is subjective and not all BA stools are acholic early.",They replace bilirubin testing at birth.,They are ineffective outside Asia.,They diagnose neonatal hepatitis.,B,"**Correct answer: B — Useful, inexpensive adjuncts but subjective and imperfectly sensitive.**

**How they help.** Programs that distribute **stool‑color cards** and educate parents often diagnose BA **earlier** by flagging acholic stools.
They are low‑cost and scalable.

**Limitations.** Interpretation is **subjective**, ambient lighting and caregiver perception vary, and **not all BA stools are acholic early**.
They complement, not replace, **direct bilirubin screening** and structured follow‑up of jaundiced infants."
BA024,Biliary Atresia,Cytomegalovirus (CMV)–associated BA is best characterized by:,Improved prognosis vs non-CMV BA,A distinct subtype often with worse clinical trajectory,Resolution with antivirals alone,Association limited to Alagille syndrome,Indication for delaying surgery until antivirals completed,B,"**Correct answer: B — CMV‑associated BA appears to be a distinct phenotype with worse outcomes.**

**Phenotype.** Some infants with BA show **CMV positivity** (serology/histology), and multiple series suggest a **more aggressive course**.
Antiviral therapy **does not** replace surgical drainage and should **not delay** timely evaluation and Kasai when indicated.

**Clinical use.** Consider CMV testing as part of the cholestasis workup; discuss potential prognostic implications with families, while
maintaining the same urgency for **early biliary drainage**."
BA025,Biliary Atresia,Which histologic feature at time of Kasai correlates with poorer native liver survival?,Mild portal tract edema only,Severe fibrosis on trichrome staining,Absence of bile plugs,Minimal ductular proliferation,Lack of portal inflammation,B,"**Correct answer: B — Advanced fibrosis predicts worse outcomes.**

**Histologic staging matters.** Greater **portal/bridging fibrosis** and marked **ductular proliferation** at the time of Kasai correlate
with **lower rates of jaundice clearance** and **shorter transplant‑free survival**. These findings reflect the **cumulative burden** of
obstructive cholangiopathy and may be as informative as chronologic age.

**Counseling & planning.** Use histology to inform families about likely course, to set surveillance intensity, and to coordinate early
**transplant evaluation** if drainage fails to normalize bilirubin."
